snpid,motif,pval_ref,pval_snp,pval_rank,fdr
rs13032148,BDP1_disc3,3.9648777257170165e-9,1.3399913648858629e-11,5.567944442172003e-4,1.1068328673957228e-7
rs13032148,BCL_disc7,1.540666982828664e-11,5.3332657729830787e-11,0.22040028774634163,4.404744201906725e-7
rs13032148,SPZ1_1,3.687418611897852e-10,1.1468398138091318e-10,0.12273929515923017,9.470603182435811e-7
rs13032148,NR3C1_disc6,3.647820455412818e-10,3.647820455412818e-10,1,3.0120053500343635e-6
rs13032148,POU2F3_2,5.703627848052686e-10,5.703627848052686e-10,0.9999999999999994,4.7089151513522975e-6
rs13032148,ESRRA_disc4,1.423929546588027e-9,1.1761626463473367e-9,0.594766215772807,9.709222645597264e-6
rs13032148,ETS_1,2.0581136426331245e-9,1.869228859119589e-9,0.7222861225086322,1.5428615003173088e-5
rs13032148,YY1_disc4,2.250467642250494e-9,3.665413717711228e-8,0.005493580139269916,3.0250659412270765e-4
rs1060743,ETS_1,0.0587225244208587,5.992394735800362e-8,0,4.944924135982458e-4
rs13032148,REST_disc8,5.505011637512913e-7,2.784604068969115e-7,0.14456133965006102,0.002297576817306417
rs13032148,HEY1_disc2,1.8035781071265166e-8,4.6087920867491365e-7,2.0802333477772613e-4,0.0038022534715680375
rs1060743,SPZ1_1,0.5422771156101085,4.936807834843473e-7,0,0.004072372782962381
rs1060743,YY1_disc4,0.508033670963398,9.91756739903636e-7,0,0.00818000959072519
